{"correct":0,"total":1,"failedTests":["root -> 0: \n                    FAILED: Incorrect answer. Misfit is 0.03128313169024614,'\n                    that is larger than eps (0.0001)","root -> 1: \n                    FAILED: Incorrect answer. Misfit is 0.014471175565401997,'\n                    that is larger than eps (0.0001)","root -> 2: \n                    FAILED: Incorrect answer. Misfit is 0.013791779004897677,'\n                    that is larger than eps (0.0001)","root -> 3: \n                    FAILED: Incorrect answer. Misfit is 0.043882217633366416,'\n                    that is larger than eps (0.0001)","root -> 4: \n                    FAILED: Incorrect answer. Misfit is 0.11469311044209014,'\n                    that is larger than eps (0.0001)","root -> 5: \n                    FAILED: Incorrect answer. Misfit is 0.015493920064834398,'\n                    that is larger than eps (0.0001)","root -> 6: \n                    FAILED: Incorrect answer. Misfit is 0.05094980733999458,'\n                    that is larger than eps (0.0001)","root -> 7: \n                    FAILED: Incorrect answer. Misfit is 0.04761657307476784,'\n                    that is larger than eps (0.0001)","root -> 8: \n                    FAILED: Incorrect answer. Misfit is 0.022727248462946156,'\n                    that is larger than eps (0.0001)","root -> 9: \n                    FAILED: Incorrect answer. Misfit is 0.044417200777598136,'\n                    that is larger than eps (0.0001)","root -> 10: \n                    FAILED: Incorrect answer. Misfit is 0.0349074124023992,'\n                    that is larger than eps (0.0001)","root -> 11: \n                    FAILED: Incorrect answer. Misfit is 0.03266904896439638,'\n                    that is larger than eps (0.0001)","root -> 12: \n                    FAILED: Incorrect answer. Misfit is 0.03490638149285561,'\n                    that is larger than eps (0.0001)","root -> 13: \n                    FAILED: Incorrect answer. Misfit is 0.1295958926347248,'\n                    that is larger than eps (0.0001)","root -> 14: \n                    FAILED: Incorrect answer. Misfit is 0.018516173844887872,'\n                    that is larger than eps (0.0001)","root -> 15: \n                    FAILED: Incorrect answer. Misfit is 0.06962464257833312,'\n                    that is larger than eps (0.0001)","root -> 16: \n                    FAILED: Incorrect answer. Misfit is 0.1358372800685281,'\n                    that is larger than eps (0.0001)","root -> 17: \n                    FAILED: Incorrect answer. Misfit is 0.07610312466042389,'\n                    that is larger than eps (0.0001)","root -> 18: \n                    FAILED: Incorrect answer. Misfit is 0.021825285974627393,'\n                    that is larger than eps (0.0001)","root -> 19: \n                    FAILED: Incorrect answer. Misfit is 0.06047652074589083,'\n                    that is larger than eps (0.0001)","root -> 20: \n                    FAILED: Incorrect answer. Misfit is 0.0008241196615963829,'\n                    that is larger than eps (0.0001)","root -> 21: \n                    FAILED: Incorrect answer. Misfit is 0.06557114754615904,'\n                    that is larger than eps (0.0001)","root -> 22: \n                    FAILED: Incorrect answer. Misfit is 0.0570374638384817,'\n                    that is larger than eps (0.0001)","root -> 23: \n                    FAILED: Incorrect answer. Misfit is 0.021693375783394097,'\n                    that is larger than eps (0.0001)","root -> 24: \n                    FAILED: Incorrect answer. Misfit is 0.033839218126230794,'\n                    that is larger than eps (0.0001)","root -> 25: \n                    FAILED: Incorrect answer. Misfit is 0.013159257363721526,'\n                    that is larger than eps (0.0001)","root -> 26: \n                    FAILED: Incorrect answer. Misfit is 0.04081420206390611,'\n                    that is larger than eps (0.0001)","root -> 27: \n                    FAILED: Incorrect answer. Misfit is 0.07580203675141692,'\n                    that is larger than eps (0.0001)","root -> 28: \n                    FAILED: Incorrect answer. Misfit is 0.02980943293041085,'\n                    that is larger than eps (0.0001)","root -> 29: \n                    FAILED: Incorrect answer. Misfit is 0.014055471099035209,'\n                    that is larger than eps (0.0001)","root -> 30: \n                    FAILED: Incorrect answer. Misfit is 0.03559182058749637,'\n                    that is larger than eps (0.0001)","root -> 31: \n                    FAILED: Incorrect answer. Misfit is 0.0025435039402534015,'\n                    that is larger than eps (0.0001)","root -> 32: \n                    FAILED: Incorrect answer. Misfit is 0.0037348762043042305,'\n                    that is larger than eps (0.0001)","root -> 33: \n                    FAILED: Incorrect answer. Misfit is 0.028254409353013224,'\n                    that is larger than eps (0.0001)","root -> 34: \n                    FAILED: Incorrect answer. Misfit is 0.06220800704774581,'\n                    that is larger than eps (0.0001)","root -> 35: \n                    FAILED: Incorrect answer. Misfit is 0.0032460001380074668,'\n                    that is larger than eps (0.0001)","root -> 36: \n                    FAILED: Incorrect answer. Misfit is 0.029183383438872827,'\n                    that is larger than eps (0.0001)","root -> 37: \n                    FAILED: Incorrect answer. Misfit is 0.002220795519101594,'\n                    that is larger than eps (0.0001)","root -> 38: \n                    FAILED: Incorrect answer. Misfit is 0.18578888800158458,'\n                    that is larger than eps (0.0001)","root -> 39: \n                    FAILED: Incorrect answer. Misfit is 0.01346319377554408,'\n                    that is larger than eps (0.0001)","root -> 40: \n                    FAILED: Incorrect answer. Misfit is 0.004896036408932109,'\n                    that is larger than eps (0.0001)","root -> 41: \n                    FAILED: Incorrect answer. Misfit is 0.03921837380408953,'\n                    that is larger than eps (0.0001)","root -> 42: \n                    FAILED: Incorrect answer. Misfit is 0.020432061440010706,'\n                    that is larger than eps (0.0001)","root -> 43: \n                    FAILED: Incorrect answer. Misfit is 0.021718360126120485,'\n                    that is larger than eps (0.0001)","root -> 44: \n                    FAILED: Incorrect answer. Misfit is 0.04274559619331925,'\n                    that is larger than eps (0.0001)","root -> 45: \n                    FAILED: Incorrect answer. Misfit is 0.01698129162601518,'\n                    that is larger than eps (0.0001)","root -> 46: \n                    FAILED: Incorrect answer. Misfit is 0.07671574967744509,'\n                    that is larger than eps (0.0001)","root -> 47: \n                    FAILED: Incorrect answer. Misfit is 0.03340918862553655,'\n                    that is larger than eps (0.0001)","root -> 48: \n                    FAILED: Incorrect answer. Misfit is 0.05352150533193926,'\n                    that is larger than eps (0.0001)","root -> 49: \n                    FAILED: Incorrect answer. Misfit is 0.012813959541021493,'\n                    that is larger than eps (0.0001)","root -> 50: \n                    FAILED: Incorrect answer. Misfit is 0.024835458701746447,'\n                    that is larger than eps (0.0001)","root -> 51: \n                    FAILED: Incorrect answer. Misfit is 0.14426159038202524,'\n                    that is larger than eps (0.0001)","root -> 52: \n                    FAILED: Incorrect answer. Misfit is 0.01424491570158768,'\n                    that is larger than eps (0.0001)","root -> 53: \n                    FAILED: Incorrect answer. Misfit is 0.07250405620986365,'\n          