{"expression": [6.0, 7.0, 8.0, 9.0], "dot_prod": 20.0, "length_a": 5.477225575051661, "length_b": 5.477225575051661, "angle": 0.8410686705679303, "dir_a": [0.18257419, 0.36514837, 0.54772256, 0.73029674], "dir_b": [0.73029674, 0.54772256, 0.36514837, 0.18257419], "a_proj_b": [2.66666667, 2.0, 1.33333333, 0.66666667], "b_proj_a": [0.66666667, 1.33333333, 2.0, 2.66666667], "a_orth_b": [-1.66666667, 0.0, 1.66666667, 3.33333333], "b_orth_a": [3.33333333, 1.66666667, 0.0, -1.66666667]}